{
 "actions": [],
 "allow_rename": 1,
 "creation": "2023-09-23 15:31:25.988962",
 "doctype": "DocType",
 "editable_grid": 1,
 "engine": "InnoDB",
 "field_order": [
  "assessment_label",
  "status",
  "call_category",
  "escalation_due",
  "score",
  "result",
  "communication_fluency_score",
  "listening_skills_score",
  "time_management_score",
  "politeness_check_score",
  "problem_solving_ability_score",
  "response_quality_assessment_score",
  "feedback",
  "clear_answers_score",
  "friendly_tone_score",
  "empathy_tone_score",
  "patience_responses_score"
 ],
 "fields": [
  {
   "fieldname": "assessment_label",
   "fieldtype": "Data",
   "in_list_view": 1,
   "in_preview": 1,
   "label": "Call ID"
  },
  {
   "fieldname": "status",
   "fieldtype": "Select",
   "in_list_view": 1,
   "in_preview": 1,
   "label": "Status",
   "options": "Done\nError\nNot Done"
  },
  {
   "fieldname": "call_category",
   "fieldtype": "Data",
   "in_list_view": 1,
   "in_preview": 1,
   "label": "Call Category"
  },
  {
   "fieldname": "escalation_due",
   "fieldtype": "Select",
   "in_list_view": 1,
   "in_preview": 1,
   "label": "Escalation Due",
   "options": "Yes\nNo"
  },
  {
   "fieldname": "score",
   "fieldtype": "Text",
   "label": "Transcript"
  },
  {
   "fieldname": "result",
   "fieldtype": "Text",
   "label": "Result"
  },
  {
   "fieldname": "communication_fluency_score",
   "fieldtype": "Data",
   "in_list_view": 1,
   "in_preview": 1,
   "label": "Communication Fluency Score"
  },
  {
   "fieldname": "politeness_check_score",
   "fieldtype": "Data",
   "label": "Politeness Check Score"
  },
  {
   "fieldname": "problem_solving_ability_score",
   "fieldtype": "Data",
   "label": "Problem Solving Ability Score"
  },
  {
   "fieldname": "response_quality_assessment_score",
   "fieldtype": "Data",
   "in_list_view": 1,
   "in_preview": 1,
   "label": "Response Quality Assessment Score"
  },
  {
   "fieldname": "feedback",
   "fieldtype": "Text",
   "in_list_view": 1,
   "in_preview": 1,
   "label": "Feedback"
  },
  {
   "fieldname": "clear_answers_score",
   "fieldtype": "Data",
   "in_list_view": 1,
   "in_preview": 1,
   "label": "Clear Answers Score"
  },
  {
   "fieldname": "friendly_tone_score",
   "fieldtype": "Data",
   "label": "Friendly Tone Score"
  },
  {
   "fieldname": "empathy_tone_score",
   "fieldtype": "Data",
   "label": "Empathy Tone Score"
  },
  {
   "fieldname": "patience_responses_score",
   "fieldtype": "Data",
   "label": "Patience Responses Score"
  },
  {
   "fieldname": "listening_skills_score",
   "fieldtype": "Data",
   "label": "Listening Skills Score"
  },
  {
   "fieldname": "time_management_score",
   "fieldtype": "Data",
   "label": "Time Management Score"
  }
 ],
 "index_web_pages_for_search": 1,
 "istable": 1,
 "links": [],
 "modified": "2023-09-25 16:27:06.793645",
 "modified_by": "Administrator",
 "module": "Nextgen",
 "name": "Output",
 "owner": "Administrator",
 "permissions": [],
 "sort_field": "modified",
 "sort_order": "DESC",
 "states": []
}